system_name,hn_mentions_total,reddit_mentions_total,press_mentions_12mo,last_major_press_url,package_downloads,jobs_count,integrations_inbound,source_url
Mastra Memory,"~45 (3+ dedicated Show HN threads; front-page Feb 2025)","~35 (r/LocalLLaMA r/AIAgents r/javascript comparisons)","3","https://technews180.com/funding-news/mastra-raises-13m-seed-for-typescript-ai-framework/","~1.8M/mo npm (mastra pkg Jan 2026)","~15 (small YC-backed startup)","n/a","https://news.ycombinator.com/item?id=43103073 https://www.npmjs.com/package/mastra"
Agno (Phidata) Memory,"~8 (multiple Show HN threads Mar–Oct 2025)","~30 (r/LocalLLaMA framework comparisons)","0 — no dedicated TC/VB press found","no data — below detection threshold","1790748/mo PyPI (agno pkg Apr 2026)","n/a","n/a","https://news.ycombinator.com/item?id=44155074 https://pypi.org/project/agno/"
Pydantic-AI MemoryTool,"~42 (from existing data-10 entry)","~39 (from existing data-10 entry)","1","https://news.ycombinator.com/","no separate pkg (bundled in pydantic-ai)","n/a","n/a","https://news.ycombinator.com/item?id=43274435"
smolagents Memory,"~8 (6+ threads; huggingface smolagents Jan 2025)","~25 (r/LocalLLaMA r/MachineLearning)","1 — HuggingFace blog coverage; no TC/VB","no data — below detection threshold","582984/mo PyPI (smolagents pkg Jan 2026)","n/a","n/a","https://news.ycombinator.com/item?id=42578242"
Semantic Kernel Memory,"~10 (comparisons; Microsoft Agent Framework merged Nov 2025)","~15 (r/MachineLearning r/dotnet comparisons)","2","https://venturebeat.com/ai/microsoft-autogen-v0-4-a-turning-point-toward-more-intelligent-ai-agents-for-enterprise-developers/","2701100/mo PyPI (semantic-kernel pkg Apr 2026)","~2500 (bundled with AutoGen/SK mentions — noisy)","n/a","https://news.ycombinator.com/item?id=38445754"
Strands Agents Memory (AWS),"~4 (SDK launch thread May 2025; refs in comparisons)","~10 (r/aws r/LocalLLaMA)","2","https://aws.amazon.com/blogs/opensource/introducing-strands-agents-an-open-source-ai-agents-sdk/","14M+ cumulative downloads (AWS weekly roundup Sep 2025)","n/a (AWS subsidiary)","n/a","https://news.ycombinator.com/item?id=44009547"
OpenAI Agents SDK Memory,"~6 (SDK launch Mar 2025; JS SDK Jul 2025)","~12 (r/LocalLLaMA r/AIAgents comparisons)","2","https://news.ycombinator.com/item?id=43337110","n/a (no standalone pkg)","n/a (OpenAI subsidiary)","n/a","https://news.ycombinator.com/item?id=43337110"
Google ADK Memory,"~10 (10+ HN threads Apr–Nov 2025)","~15 (r/MachineLearning r/googlecloud)","2","https://news.ycombinator.com/item?id=43656283","n/a (Google-hosted SDK)","n/a (Google subsidiary)","n/a","https://news.ycombinator.com/item?id=43656283"
Aider,"~10 (multiple HN threads 2023–2025; author frequent commenter)","~30 (r/LocalLLaMA r/MachineLearning r/coding)","2","https://aider.chat/","5.3M+ cumulative installs (aider-chat PyPI)","n/a (open-source; no company)","n/a","https://news.ycombinator.com/item?id=39995725 https://pypi.org/project/aider-chat/"
Continue.dev Memory MCP,"~8 (Show HN 2023; many comments in Copilot-alt threads)","~25 (r/LocalLLaMA coding-copilot comparisons)","1","https://news.ycombinator.com/item?id=36882146","n/a (VS Code extension; no PyPI/npm pkg)","n/a (small team)","n/a","https://news.ycombinator.com/item?id=36882146"
Tabnine,"~5 (Show HN 2018; referenced in Best AI Code comparisons)","~10 (r/programming; declining mentions)","1","https://news.ycombinator.com/item?id=18393364","n/a (IDE plugin)","~50 (Tabnine company LinkedIn est.)","n/a","https://news.ycombinator.com/item?id=41189666"
Sweep AI,"~2 (Show HN Jul 2023; 1 ref Mar 2024)","~5 (r/MachineLearning r/python)","0 — no TC/VB coverage found in last 12mo","no data — below detection threshold","n/a (GitHub app)","n/a (YC-backed small team)","n/a","https://news.ycombinator.com/item?id=36806657"
TigerGraph,"~3 (graph DB comparison threads)","~8 (r/MachineLearning r/database)","2","https://venturebeat.com/ai/tigergraph-launches-workbench-for-graph-neural-network-ml-ai-modeling/","n/a","~200 (TigerGraph LinkedIn est.)","n/a","https://www.tigergraph.com/press-releases/"
FalkorDB,"~2 (Show HN major update Jun 2025)","~5 (r/MachineLearning graph RAG threads)","1","https://news.ycombinator.com/item?id=44257880","n/a","~10 (small startup)","n/a","https://news.ycombinator.com/item?id=44257880"
Memgraph,"~3 (Show HN 2020; referenced in graph DB comparisons)","~8 (r/database graph DB threads)","1","https://venturebeat.com/","n/a","~50 (Memgraph LinkedIn est.)","n/a","https://memgraph.com/"
Stardog,"~2 (referenced in enterprise KG comparisons)","~5 (r/semanticweb r/KnowledgeGraph)","1","https://www.stardog.com/","n/a","~100 (Stardog LinkedIn est.)","n/a","https://www.stardog.com/agentic-ai-knowledge-graph/"
AllegroGraph (Franz),"~1 (old ref; low HN visibility)","~3 (r/semanticweb)","0 — no TC/VB press found in last 12mo","no data — below detection threshold","n/a","~20 (small company)","n/a","https://allegrograph.com/"
ArangoDB,"~5 (Show HN 2020; licensing discussion Oct 2023)","~10 (r/database multi-model threads)","1","https://news.ycombinator.com/item?id=37850833","n/a","~100 (ArangoDB LinkedIn est.)","n/a","https://news.ycombinator.com/item?id=37850833"
Apache AGE,"~2 (referenced in pg-graph comparisons)","~5 (r/PostgreSQL r/database)","0 — no TC/VB press found in last 12mo","no data — below detection threshold","n/a","n/a (Apache open-source)","n/a","https://age.apache.org/"
Dgraph,"~3 (referenced in graph DB comparisons)","~6 (r/database)","0 — no dedicated TC/VB coverage found","no data — below detection threshold","n/a","~20 (small team post-Slash)","n/a","https://dgraph.io/"
NebulaGraph,"~2 (Show HN 2020; minimal 2025 presence)","~4 (r/database; described as 'little feedback')","0 — no TC/VB press found in last 12mo","no data — below detection threshold","n/a","~50 (Vesoft/NebulaGraph est.)","n/a","https://nebula-graph.io/"
Kuzu,"~6 (Show HN 2022; In-Browser Graph RAG Mar 2025; CocoIndex Jun 2025; discontinue notice Oct 2025)","~8 (r/database graph threads)","1","https://news.ycombinator.com/item?id=43321523","n/a (C++ binary)","n/a (research lab)","n/a","https://news.ycombinator.com/item?id=43321523"
Amazon Neptune Analytics,"~3 (referenced in AWS/graph DB threads)","~5 (r/aws)","1","https://aws.amazon.com/","n/a (AWS managed)","n/a (AWS subsidiary)","n/a","https://aws.amazon.com/neptune/"
Activeloop Deep Lake,"~4 (referenced in vector DB/LangChain integration threads)","~8 (r/MachineLearning)","1","https://www.activeloop.ai/resources/","n/a (no top PyPI pkg)","~30 (Activeloop LinkedIn est.)","n/a","https://www.activeloop.ai/"
Marqo,"~3 (Show HN Aug 2023; referenced in vector search comparisons)","~6 (r/MachineLearning)","1","https://techcrunch.com/2023/08/16/meet-marqo-an-open-source-vector-search-engine-for-ai-applications/","n/a","~30 (Series A startup)","n/a","https://techcrunch.com/2023/08/16/meet-marqo-an-open-source-vector-search-engine-for-ai-applications/"
Vespa,"~8 (spinout 2023; comparisons in vector DB threads)","~12 (r/MachineLearning r/elasticsearch)","1","https://techcrunch.com/2023/11/01/yahoo-spin-out-vespa-lands-31m-investment-from-blossom/","n/a","~60 (Vespa LinkedIn est.)","n/a","https://techcrunch.com/2023/11/01/yahoo-spin-out-vespa-lands-31m-investment-from-blossom/"
Turbopuffer,"~4 (referenced in vector DB threads Jul 2024)","~6 (r/MachineLearning)","2","https://betakit.com/ex-shopify-engineers-raise-fresh-financing-to-scale-turbopuffers-ai-search/","n/a","~15 (small startup)","n/a","https://betakit.com/ex-shopify-engineers-raise-fresh-financing-to-scale-turbopuffers-ai-search/"
Snowflake Cortex Search,"~5 (Snowflake BUILD 2025 threads)","~8 (r/snowflake r/dataengineering)","3","https://venturebeat.com/data-infrastructure/snowflake-builds-new-intelligence-that-goes-beyond-rag-to-query-and","n/a (Snowflake managed)","n/a (Snowflake subsidiary)","n/a","https://venturebeat.com/data-infrastructure/snowflake-builds-new-intelligence-that-goes-beyond-rag-to-query-and"
Databricks Vector Search,"~4 (referenced in Lakehouse/MLflow threads)","~8 (r/databricks r/dataengineering)","2","https://www.databricks.com/blog/decoupled-design-billion-scale-vector-search","n/a (Databricks managed)","n/a (Databricks subsidiary)","n/a","https://www.databricks.com/product/machine-learning/vector-search"
Mindbreeze InSpire,"0 — no HN discussions found","~2 (enterprise search niche)","3","https://www.businesswire.com/news/home/20251208724579/en/Mindbreeze-Unveils-the-Five-Defining-AI-Trends-Shaping-the-Enterprise-in-2026","n/a","~50 (Mindbreeze LinkedIn est.)","n/a","https://www.mindbreeze.com/news"
Meilisearch,"~6 (Show HN 2020; 1.0 Feb 2023; AI search Mar 2025)","~12 (r/selfhosted r/webdev)","1","https://news.ycombinator.com/item?id=43680699","n/a","~30 (Meilisearch LinkedIn est.)","n/a","https://news.ycombinator.com/item?id=43680699"
Coveo,"~2 (negative enterprise comments; old)","~4 (r/sharepoint enterprise)","1","https://www.coveo.com/","n/a","~500 (Coveo LinkedIn est.)","n/a","https://news.ycombinator.com/item?id=21696897"
n8n AI Agent Memory,"~10 (n8n workflow threads; multiple 2025 Show HN)","~20 (r/nocode r/selfhosted automation)","2","https://news.ycombinator.com/item?id=43879282","n/a (self-hosted; no npm pkg for memory node)","~100 (n8n LinkedIn est.)","n/a","https://news.ycombinator.com/item?id=43879282"
Vapi (voice agents),"0 — no dedicated HN discussions found via search","~15 (r/AIAgents voice agent threads)","2","https://vapi.ai/","n/a","~50 (small startup)","n/a","https://vapi.ai/"
Retell AI,"~1 (Launch HN Feb 2024 YC W24)","~10 (r/AIAgents voice)","1","https://news.ycombinator.com/item?id=39453402","n/a","~20 (small YC startup)","n/a","https://news.ycombinator.com/item?id=39453402"
Voiceflow Memory,"0 — no dedicated HN discussions found","~8 (r/nocode r/chatbots)","1","https://www.voiceflow.com/","n/a","~100 (Voiceflow LinkedIn est.)","n/a","https://www.voiceflow.com/"
Botpress LLMz,"0 — no dedicated HN discussions found","~8 (r/nocode r/chatbots comparisons)","1","https://botpress.com/","n/a","~100 (Botpress LinkedIn est.)","n/a","https://botpress.com/"
AGiXT Adaptive Memory,"~1 (open-source community ref)","~5 (r/LocalLLaMA)","0 — no TC/VB press found","no data — below detection threshold","3781/mo PyPI (agixt pkg Apr 2026)","n/a (open-source; no company)","n/a","https://pypi.org/project/agixt/"
Stack AI,"~1 (referenced in no-code AI comparisons)","~5 (r/nocode)","1","https://www.stack-ai.com/","n/a","~20 (small startup)","n/a","https://www.stack-ai.com/"
Lindy AI Memory,"~2 (referenced in AI assistant comparisons)","~8 (r/AIAgents productivity)","2","https://www.lindy.ai/","n/a","~30 (small startup)","n/a","https://www.lindy.ai/"
Logseq,"~10 (multiple HN threads 2022–2024; self-hosted sync Jul 2024)","~20 (r/Zettelkasten r/PKM)","0 — no press in last 12mo (last was 2022 seed)","no data — below detection threshold; last press 2022","n/a (desktop app)","~10 (small team)","n/a","https://news.ycombinator.com/item?id=40238530"
Tana,"~5 (referenced in PKM comparisons; waitlist HN Jan 2025)","~15 (r/PKM r/Zettelkasten)","3","https://techcrunch.com/2025/02/03/tana-snaps-up-25m-with-its-ai-powered-knowledge-graph-for-work-racking-up-a-160k-waitlist/","n/a (SaaS app)","~15 (small startup)","n/a","https://techcrunch.com/2025/02/03/tana-snaps-up-25m-with-its-ai-powered-knowledge-graph-for-work-racking-up-a-160k-waitlist/"
Heptabase,"~2 (referenced in visual note-taking comparison Jun 2024)","~8 (r/PKM)","0 — no TC/VB press found in last 12mo","no data — below detection threshold","n/a (SaaS app)","~10 (small team)","n/a","https://heptabase.com/"
Capacities,"~1 (Show HN launch Jun 2022)","~8 (r/PKM)","0 — no TC/VB press found in last 12mo","no data — below detection threshold; last press 2022","n/a (SaaS app)","~8 (very small team)","n/a","https://news.ycombinator.com/item?id=31592670"
NeoCognition,"0 — no HN discussion found","~2 (very new; Apr 2026 announcement)","1","https://techcrunch.com/2026/04/21/ai-research-lab-neocognition-lands-40m-seed-to-build-agents-that-learn-like-humans/","n/a","~20 (seed-stage)","n/a","https://techcrunch.com/2026/04/21/ai-research-lab-neocognition-lands-40m-seed-to-build-agents-that-learn-like-humans/"
Interloom,"0 — no HN discussion found","~2 (very new; Mar 2026 announcement)","2","https://fortune.com/2026/03/23/interloom-ai-agents-raises-16-million-venture-funding/","n/a","~15 (seed-stage)","n/a","https://fortune.com/2026/03/23/interloom-ai-agents-raises-16-million-venture-funding/"
Nyne,"0 — no HN discussion found","~1 (very new; Mar 2026 announcement)","1","https://techcrunch.com/2026/03/13/nyne-founded-by-a-father-son-duo-gives-ai-agents-the-human-context-theyre-missing/","n/a","~9 (seed-stage; 9-person team)","n/a","https://techcrunch.com/2026/03/13/nyne-founded-by-a-father-son-duo-gives-ai-agents-the-human-context-theyre-missing/"
Trace,"0 — no HN discussion found","~2 (YC W25 batch refs)","1","https://techcrunch.com/2026/02/26/trace-raises-3-million-to-solve-the-agent-adoption-problem/","n/a","~10 (seed-stage)","n/a","https://techcrunch.com/2026/02/26/trace-raises-3-million-to-solve-the-agent-adoption-problem/"
Cellon (Memory.inc),"0 — no HN discussion found","0 — no data; below detection threshold","1","https://www.venturesquare.net/en/1078966/","n/a","~5 (18yo founder; tiny team)","n/a","https://www.venturesquare.net/en/1078966/"
MemoraX AI,"0 — no HN discussion found","0 — no data; below detection threshold","1","https://eu.36kr.com/en/p/3785834045583875","n/a","~20 (Shenzhen startup)","n/a","https://eu.36kr.com/en/p/3785834045583875"
AutoGLM (Zhipu AI),"~1 (HN item id=46203937; result showed 'no such item')","~8 (r/MachineLearning Chinese AI threads)","3","https://technode.com/2025/12/09/zhipu-ai-open-sources-autoglm-an-ai-agent-model-capable-of-full-phone-operation/","n/a (mobile agent)","n/a (Zhipu AI subsidiary)","n/a","https://technode.com/2025/12/09/zhipu-ai-open-sources-autoglm-an-ai-agent-model-capable-of-full-phone-operation/"
Krutrim Kruti (Ola),"0 — no HN discussion found","~5 (r/india r/MachineLearning)","3","https://techcrunch.com/2026/05/05/indias-first-genai-unicorn-shifts-to-cloud-services-as-ai-model-ambitions-face-reality/","n/a (mobile app; paused Dec 2025)","n/a (Ola subsidiary)","n/a","https://techcrunch.com/2026/05/05/indias-first-genai-unicorn-shifts-to-cloud-services-as-ai-model-ambitions-face-reality/"
Tencent ima.copilot,"0 — no HN discussion found","~3 (Chinese tech subreddits)","2","https://kr-asia.com/pulses/161589","n/a (Tencent product; China-only)","n/a (Tencent subsidiary)","n/a","https://phemex.com/news/article/tencent-ima-unveils-agent-mode-copilot-with-advanced-memory-system-77195"
NAVER HyperCLOVA X THINK,"0 — no HN discussion found","~3 (r/MachineLearning Korean AI threads)","2","https://venturebeat.com/ai/koreas-naver-joins-generative-ai-race-with-hyperclova-x-large-language-model","n/a (NAVER managed)","n/a (NAVER subsidiary)","n/a","https://www.navercorp.com/en/media/pressReleasesDetail?seq=33066"
Memvid,"0 — no dedicated HN Show HN found","~10 (r/LocalLLaMA r/MachineLearning)","1","https://github.com/memvid/memvid","no data — PyPI pkg not found in top packages","n/a (open-source; no company)","n/a","https://github.com/memvid/memvid"
Memobase,"~1 (small HN ref)","~5 (r/LocalLLaMA r/AIAgents)","0 — no TC/VB press found","no data — below detection threshold","4013/mo PyPI (memobase pkg Nov 2025)","n/a (small startup)","n/a","https://pypi.org/project/memobase/"
Memary,"0 — no dedicated HN discussion found","~3 (r/MachineLearning)","0 — no TC/VB press found","no data — below detection threshold","40/mo PyPI (memary pkg May 2024; stale)","n/a (research project)","n/a","https://pypi.org/project/memary/"
Memori,"0 — no HN discussion found","~1 — below detection threshold","0 — no TC/VB press found","no data — below detection threshold","n/a","n/a (GitHub-only)","n/a","https://github.com/MemoriLabs/Memori"
Supermemory,"~3 (referenced in memory layer threads)","~8 (r/LocalLLaMA r/AIAgents)","1","https://techcrunch.com/2025/10/06/a-19-year-old-nabs-backing-from-google-execs-for-his-ai-memory-startup-supermemory/","129168/mo npm (supermemory pkg Apr 2026)","~5 (small YC-backed team)","n/a","https://techcrunch.com/2025/10/06/a-19-year-old-nabs-backing-from-google-execs-for-his-ai-memory-startup-supermemory/"
OpenMemory (Mem0),"~3 (refs in MCP memory threads)","~8 (r/LocalLLaMA r/AIAgents)","1","https://news.ycombinator.com/item?id=47897790","n/a (hosted service; parent mem0ai 2813995/mo)","n/a (part of Mem0 company)","n/a","https://mem0.ai/openmemory"
Anda Hippocampus,"0 — no HN discussion found","~1 — below detection threshold","0 — no TC/VB press found","no data — below detection threshold","n/a","n/a (research project)","n/a","https://github.com/ldclabs/anda-hippocampus"
Bolt.new (StackBlitz),"~10+ (multiple HN threads Oct 2024; vibe coding comparisons)","~15 (r/webdev r/javascript)","3","https://news.ycombinator.com/item?id=41732272","n/a (web IDE)","~50 (StackBlitz est.)","n/a","https://news.ycombinator.com/item?id=41732272"
